member_id,customer_id,first_name,last_name,member_since
M1000,M1000,Ariya,Duke,1/3/2014
M1001,M1001,Kalel,Mitchell,1/16/2014
M1002,M1002,Willow,Matthews,1/21/2014
M1003,M1003,Preston,Simmons,2/5/2014
M1004,M1004,Reagan,Garrett,2/11/2014
M1005,M1005,Kairo,Yang,2/14/2014
M1006,M1006,Angelina,Stout,3/2/2014
M1007,M1007,Callahan,West,10/25/2014
M1008,M1008,Remi,Miles,11/7/2014
M1009,M1009,Jared,Casey,11/10/2014
M1010,M1010,Sylvia,Brooks,11/11/2014
M1011,M1011,Jordan,Taylor,11/27/2014
M1012,M1012,Sofia,Preston,12/26/2014
M1013,M1013,Vincenzo,Mercado,12/28/2014
M1014,M1014,Mckinley,Hendrix,1/13/2015
M1015,M1015,Korbyn,Black,1/27/2015
M1016,M1016,Molly,Pham,2/13/2015
M1017,M1017,Russell,Mason,2/19/2015
M1018,M1018,Sienna,Atkins,2/19/2015
M1019,M1019,Cason,Cochran,2/22/2015
M1020,M1020,Alma,Savage,2/25/2015
M1021,M1021,Keaton,Gill,2/26/2015
M1022,M1022,Jordan,Ryan,3/28/2015
M1023,M1023,Timothy,Weaver,10/1/2015
M1024,M1024,Teagan,Parsons,10/5/2015
M1025,M1025,Lewis,Espinoza,10/28/2015
M1026,M1026,Lucille,Chen,12/3/2015
M1027,M1027,Emmanuel,Peterson,1/21/2016
M1028,M1028,Caroline,McMillan,1/21/2016
M1029,M1029,Rocky,Brock,2/1/2016
M1030,M1030,Jada,Strickland,2/4/2016
M1031,M1031,Keegan,Cordova,2/8/2016
M1032,M1032,Florence,Pineda,2/10/2016
M1033,M1033,Gerardo,English,2/21/2016
M1034,M1034,Kelly,Truong,2/25/2016
M1035,M1035,Ayan,Ryan,3/1/2016
M1036,M1036,Morgan,Bush,3/6/2016
M1037,M1037,Tyson,Olsen,3/13/2016
M1038,M1038,Oaklyn,Pearson,3/18/2016
M1039,M1039,Gunner,Dunn,3/27/2016
M1040,M1040,Olive,Lopez,10/3/2016
M1041,M1041,Michael,Yoder,10/12/2016
M1042,M1042,Emerie,Valdez,10/20/2016
M1043,M1043,Kyler,Cross,10/25/2016
M1044,M1044,Nayeli,Stone,11/5/2016
M1045,M1045,Finn,Banks,11/15/2016
M1046,M1046,Cali,Maynard,12/1/2016
M1047,M1047,Landry,Stone,12/26/2016
M1048,M1048,Catalina,Benitez,1/4/2017
M1049,M1049,Justice,Snow,1/20/2017
M1050,M1050,Alexia,O’Connor,2/1/2017
M1051,M1051,Princeton,Perkins,2/11/2017
M1052,M1052,Sage,Smith,2/22/2017
M1053,M1053,Liam,Lambert,3/10/2017
M1054,M1054,Nina,Mejia,3/15/2017
M1055,M1055,Atticus,Preston,3/21/2017
M1056,M1056,Indie,Murillo,10/4/2017
M1057,M1057,Lance,O’Donnell,10/13/2017
M1058,M1058,Bellamy,Khan,10/15/2017
M1059,M1059,Kendrick,Sharp,10/27/2017
M1060,M1060,Camryn,Walker,11/2/2017
M1061,M1061,Luke,Rich,11/14/2017
M1062,M1062,Sunny,Gardner,12/5/2017
M1063,M1063,Alan,Yoder,12/18/2017
M1064,M1064,Emerie,Austin,12/22/2017
M1065,M1065,Omar,Burnett,1/2/2018
M1066,M1066,Emberly,Logan,1/8/2018
M1067,M1067,Rocco,Krueger,1/10/2018
M1068,M1068,Kamari,Roy,1/11/2018
M1069,M1069,Marcelo,Peralta,1/22/2018
M1070,M1070,Malayah,Dennis,2/17/2018
M1071,M1071,Emanuel,Barton,2/20/2018
M1072,M1072,Danna,Melton,2/28/2018
M1073,M1073,Lennon,Beard,3/6/2018
M1074,M1074,Ezra,Cruz,3/8/2018
M1075,M1075,Ryan,Arroyo,3/16/2018
M1076,M1076,Kyra,Wilkerson,10/4/2018
M1077,M1077,Carmelo,Morris,10/13/2018
M1078,M1078,Genesis,Parra,10/15/2018
M1079,M1079,Davion,Vance,10/18/2018
M1080,M1080,Maxine,Yu,10/19/2018
M1081,M1081,Bryant,Friedman,10/25/2018
M1082,M1082,Aspyn,Garner,11/12/2018
M1083,M1083,Sage,McIntosh,11/26/2018
M1084,M1084,Gwen,Matthews,12/14/2018
M1085,M1085,Preston,Dalton,12/28/2018
M1086,M1086,Lilian,Simon,1/1/2019
M1087,M1087,Zayne,McCarthy,1/15/2019
M1088,M1088,Kira,Floyd,1/18/2019
M1089,M1089,Pierce,Wiggins,1/23/2019
M1090,M1090,Capri,Barajas,2/23/2019
M1091,M1091,Brennan,McCarty,3/10/2019
M1092,M1092,Halo,Conley,3/16/2019
M1093,M1093,Marvin,Erickson,3/19/2019
M1094,M1094,Sabrina,Bush,3/19/2019
M1095,M1095,Tyson,Moreno,3/21/2019
M1096,M1096,Mary,Schmitt,3/24/2019
M1097,M1097,Murphy,McDonald,10/7/2019
M1098,M1098,Daisy,Mosley,10/19/2019
M1099,M1099,Rayden,McConnell,10/22/2019
M1100,M1100,Denise,Carlson,11/24/2019
M1101,M1101,Paul,Chandler,12/7/2019
M1102,M1102,Viviana,Leach,12/8/2019
M1103,M1103,Westin,Vasquez,12/15/2019
M1104,M1104,Rose,Boyd,12/21/2019
M1105,M1105,Dean,Lucero,1/9/2020
M1106,M1106,Ila,Macias,3/26/2020
M1107,M1107,Moshe,Fields,3/28/2020
M1108,M1108,Annie,Hickman,10/1/2020
M1109,M1109,Jakobe,Barnes,11/21/2020
M1110,M1110,Liliana,Dillon,12/7/2020
M1111,M1111,Alvin,Schneider,12/18/2020
M1112,M1112,Delaney,Ashley,12/27/2020
M1113,M1113,Kylen,Lawrence,1/4/2021
M1114,M1114,Lauren,Graves,1/5/2021
M1115,M1115,Cesar,Lucero,2/7/2021
M1116,M1116,Ila,Frost,2/18/2021
M1117,M1117,Dario,McDowell,2/20/2021
M1118,M1118,Rayna,Hicks,2/23/2021
M1119,M1119,Maddox,Hess,3/3/2021
M1120,M1120,Kaliyah,Higgins,3/16/2021
M1121,M1121,Sterling,Harrington,3/19/2021
M1122,M1122,Legacy,Kelly,3/19/2021
M1123,M1123,Cooper,Alvarez,3/20/2021
M1124,M1124,Leilani,Cano,10/4/2021
M1125,M1125,Terry,Saunders,10/8/2021
M1126,M1126,Meadow,Durham,10/19/2021
M1127,M1127,Kellen,Davenport,10/25/2021
M1128,M1128,Adrianna,Gallegos,10/27/2021
M1129,M1129,Jonas,Parsons,10/28/2021
M1130,M1130,Maia,Copeland,11/8/2021
M1131,M1131,Axton,Hodges,11/22/2021
M1132,M1132,Eve,Cobb,11/26/2021
M1133,M1133,Raphael,Fuentes,11/27/2021
M1134,M1134,Madeleine,Estrada,12/4/2021
M1135,M1135,Phoenix,Salazar,12/9/2021
M1136,M1136,Freya,Gordon,12/26/2021
M1137,M1137,Karter,Huffman,1/2/2022
M1138,M1138,Hayley,Yoder,1/8/2022
M1139,M1139,Johan,Wong,1/19/2022
M1140,M1140,Adelaide,Doyle,1/22/2022
M1141,M1141,Kashton,Lin,1/26/2022
M1142,M1142,Makenna,Haynes,2/8/2022
M1143,M1143,Kason,Blair,2/23/2022
M1144,M1144,Frances,Clements,2/25/2022
M1145,M1145,Fisher,Sherman,3/3/2022
M1146,M1146,Addilyn,Sandoval,3/8/2022
M1147,M1147,Brantley,McKee,3/11/2022
M1148,M1148,Kori,Winters,10/8/2022
M1149,M1149,Deandre,Edwards,10/9/2022
M1150,M1150,Ivy,James,10/15/2022
M1151,M1151,Jaxson,White,11/1/2022
M1152,M1152,Layla,Glenn,11/7/2022
M1153,M1153,Zaid,Landry,11/14/2022
M1154,M1154,Brynleigh,Ramos,11/24/2022
M1155,M1155,Angel,Richardson,12/2/2022
M1156,M1156,Allison,Decker,12/6/2022
M1157,M1157,Taylor,O’Connell,12/10/2022
M1158,M1158,Jillian,Kelley,12/18/2022
M1159,M1159,Eric,Ashley,1/6/2023
M1160,M1160,Khalani,Schmidt,1/6/2023
M1161,M1161,Zayden,Hardin,1/13/2023
M1162,M1162,Vada,Person,2/3/2023
M1163,M1163,Moses,Gordon,2/4/2023
M1164,M1164,Taylor,Cortez,2/10/2023
M1165,M1165,Zayn,Ruiz,2/20/2023
M1166,M1166,Emery,Tanner,3/6/2023
M1167,M1167,Bruno,Strong,3/14/2023
M1168,M1168,Margo,Skinner,3/15/2023
M1169,M1169,Ridge,Mathis,3/19/2023
M1170,M1170,Anne,Hendricks,3/28/2023
M1171,M1171,Dash,Harding,10/2/2023
M1172,M1172,Aniya,Armstrong,10/20/2023
M1173,M1173,Grant,Calderon,11/5/2023
M1174,M1174,Serena,Foley,11/10/2023
M1175,M1175,Mohammad,Espinoza,11/13/2023
M1176,M1176,Lucille,Franklin,11/14/2023
M1177,M1177,Simon,McCall,11/22/2023
M1178,M1178,Kai,Hutchinson,11/25/2023
M1179,M1179,Korbin,McCoy,12/17/2023
M1180,M1180,Mckenzie,Lambert,1/1/2024
M1181,M1181,Mario,Coffey,1/4/2024
M1182,M1182,Paola,Goodwin,1/8/2024
M1183,M1183,Kaison,Griffin,1/13/2024
M1184,M1184,Charlie,Gordon,1/14/2024
M1185,M1185,Karter,Cervantes,2/2/2024
M1186,M1186,Aylin,Ellis,2/8/2024
M1187,M1187,Cole,Bernal,2/14/2024
M1188,M1188,Emmeline,Cochran,2/23/2024
M1189,M1189,Danny,Bonilla,2/25/2024
M1190,M1190,Romina,Lynn,3/10/2024
M1191,M1191,Zechariah,Odom,3/16/2024
M1192,M1192,Laylani,Maddox,3/18/2024
M1193,M1193,Lyric,Arroyo,10/19/2024
M1194,M1194,Kyra,Rich,10/22/2024
M1195,M1195,Miller,Villalobos,11/8/2024
M1196,M1196,Zoya,Serrano,11/22/2024
M1197,M1197,Milan,Ross,12/1/2024
M1198,M1198,Peyton,Hawkins,12/14/2024
M1199,M1199,Victor,Blair,1/8/2025
M1200,M1200,Frances,Ingram,1/9/2025
M1201,M1201,Tripp,Beltran,1/24/2025
M1202,M1202,Kaydence,Harrison,1/27/2025
M1203,M1203,Gavin,Brooks,1/28/2025
M1204,M1204,Autumn,Ryan,2/7/2025
M1205,M1205,Timothy,Davidson,2/7/2025
M1206,M1206,Jayla,Leon,2/10/2025
M1207,M1207,Marshall,Bell,3/7/2025
M1208,M1208,Melody,Payne,3/18/2025
M1209,M1209,Edward,Bishop,3/24/2025
M1210,M1210,Brooklynn,Roth,3/27/2025
M1211,M1211,Roy,Phan,3/28/2025
M1212,M1212,Elsa,Michael,10/9/2025
M1213,M1213,Bronson,Garcia,10/10/2025
M1214,M1214,Amelia,Hodge,10/19/2025
M1215,M1215,Reign,Magana,11/7/2025
M1216,M1216,Amaris,Medrano,12/3/2025
M1217,M1217,Arian,Romero,12/10/2025
M1218,M1218,Eliza,Bryan,12/13/2025
M1219,M1219,Jaxtyn,Reed,12/25/2025